-- MySQL dump 10.13  Distrib 5.7.31, for Linux (x86_64)
--
-- Host: localhost    Database: GasSensorDB
-- ------------------------------------------------------
-- Server version	5.7.31-0ubuntu0.16.04.1

/*!40101 SET @OLD_CHARACTER_SET_CLIENT=@@CHARACTER_SET_CLIENT */;
/*!40101 SET @OLD_CHARACTER_SET_RESULTS=@@CHARACTER_SET_RESULTS */;
/*!40101 SET @OLD_COLLATION_CONNECTION=@@COLLATION_CONNECTION */;
/*!40101 SET NAMES utf8 */;
/*!40103 SET @OLD_TIME_ZONE=@@TIME_ZONE */;
/*!40103 SET TIME_ZONE='+00:00' */;
/*!40014 SET @OLD_UNIQUE_CHECKS=@@UNIQUE_CHECKS, UNIQUE_CHECKS=0 */;
/*!40014 SET @OLD_FOREIGN_KEY_CHECKS=@@FOREIGN_KEY_CHECKS, FOREIGN_KEY_CHECKS=0 */;
/*!40101 SET @OLD_SQL_MODE=@@SQL_MODE, SQL_MODE='NO_AUTO_VALUE_ON_ZERO' */;
/*!40111 SET @OLD_SQL_NOTES=@@SQL_NOTES, SQL_NOTES=0 */;

--
-- Table structure for table `Brand`
--

DROP TABLE IF EXISTS `Brand`;
/*!40101 SET @saved_cs_client     = @@character_set_client */;
/*!40101 SET character_set_client = utf8 */;
CREATE TABLE `Brand` (
  `BrandID` int(11) NOT NULL AUTO_INCREMENT,
  `Name` varchar(50) DEFAULT NULL,
  PRIMARY KEY (`BrandID`)
) ENGINE=InnoDB AUTO_INCREMENT=6 DEFAULT CHARSET=latin1;
/*!40101 SET character_set_client = @saved_cs_client */;

--
-- Dumping data for table `Brand`
--

LOCK TABLES `Brand` WRITE;
/*!40000 ALTER TABLE `Brand` DISABLE KEYS */;
INSERT INTO `Brand` VALUES (1,'Alphasense'),(2,'CityTech'),(3,'Membrapor'),(4,'Sensoric'),(5,'Winsen');
/*!40000 ALTER TABLE `Brand` ENABLE KEYS */;
UNLOCK TABLES;

--
-- Table structure for table `Detects`
--

DROP TABLE IF EXISTS `Detects`;
/*!40101 SET @saved_cs_client     = @@character_set_client */;
/*!40101 SET character_set_client = utf8 */;
CREATE TABLE `Detects` (
  `SensorID` int(11) NOT NULL,
  `GasID` int(11) NOT NULL,
  `MeasurementUnits` varchar(5) DEFAULT NULL,
  `MinReading` double DEFAULT NULL,
  `MaxReading` double DEFAULT NULL,
  `Resolution` double DEFAULT NULL,
  `OvergasLimit` int(9) DEFAULT NULL,
  `MinSensitivity` int(3) DEFAULT NULL,
  `MaxSensitivity` int(3) DEFAULT NULL,
  `SensitivityRatio` varchar(10) DEFAULT NULL,
  `SensitivityTestConcentration` varchar(10) DEFAULT NULL,
  `TTestType` varchar(10) DEFAULT NULL,
  `TTestResponse` int(3) DEFAULT NULL,
  `ResponseStartLevel` int(8) DEFAULT NULL,
  `ResponseEndLevel` int(8) DEFAULT NULL,
  `ZeroCurrent` varchar(25) DEFAULT NULL,
  PRIMARY KEY (`SensorID`,`GasID`)
) ENGINE=InnoDB DEFAULT CHARSET=latin1;
/*!40101 SET character_set_client = @saved_cs_client */;

--
-- Dumping data for table `Detects`
--

LOCK TABLES `Detects` WRITE;
/*!40000 ALTER TABLE `Detects` DISABLE KEYS */;
INSERT INTO `Detects` VALUES (2,1,'ppm',0,20,0.1,150,400,700,'nA/ppm',NULL,'90',30,NULL,NULL,NULL),(3,2,'ppm',0,20,0.2,100,450,750,'nA/ppm',NULL,'90',120,NULL,NULL,NULL),(4,1,'ppm',0,20,0.2,50,140,250,'nA/ppm','10 ppm','90',15,0,10,'<±0.2'),(4,8,'ppm',0,100,0.1,200,450,900,'nA/ppm','20 ppm','90',25,0,20,'<±0.25'),(5,8,'ppm',0,100,0.1,200,450,1000,'nA/ppn','20 ppm','90',30,0,20,'±0.25'),(5,11,'ppm',0,1000,0.5,5000,50,150,'nA/ppn','400 ppm','90',35,0,400,'-3 to +3.5'),(6,11,'ppm',0,500,NULL,2000,220,375,'nA/ppm','2 ppm','90',20,0,10,'-100 to +10'),(8,11,'ppm',0,10000,5,100000,10,25,'nA/ppm','2000 ppm','90',50,0,2000,'<±20'),(9,11,'ppm',0,5000,0.5,10000,55,90,'nA/ppm','400ppm','90',25,0,400,'-5 to +4'),(10,11,'ppm',0,2000,0.5,4000,55,100,'nA/ppm','400 ppm','90',30,0,400,'±3'),(15,12,'ppm',0,20,0.1,200,-750,-450,'nA/ppm',NULL,'80',30,NULL,NULL,NULL),(17,12,'ppm',0,200,2,400,-150,-90,'nA/ppm',NULL,'80',30,NULL,NULL,NULL),(18,12,'ppm',0,20,0.1,NULL,200,360,'nA/ppm',NULL,'90',60,NULL,NULL,NULL),(19,13,'ppm',0,10,0.1,30,3400,5800,'nA/ppm',NULL,'60',40,NULL,NULL,NULL),(19,14,'ppm',0,10,0.1,20,100,700,'nA/ppm',NULL,'80',60,NULL,NULL,NULL),(36,26,'ppm',0,10,0.02,30,1400,3000,'nA/ppm',NULL,'90',NULL,NULL,NULL,NULL),(37,26,'ppm',0,1000,1,2000,45,75,'nA/ppm',NULL,'60',40,NULL,NULL,NULL),(38,26,'ppm',0,50,0.5,100,700,1300,'nA/ppm',NULL,'60',40,NULL,NULL,NULL),(40,14,'ppm',0,1500,5,2000,8,16,'nA/ppm',NULL,'80',60,NULL,NULL,NULL),(41,14,'ppm',0,200,1,500,40,90,'nA/ppm',NULL,'80',60,NULL,NULL,NULL),(42,10,'ppm',0,10,0.03,20,1500,2300,'nA/ppm',NULL,'90',140,NULL,NULL,NULL),(44,10,'ppm',0,100,0.2,200,160,240,'nA/ppm',NULL,'90',140,NULL,NULL,NULL),(45,10,'ppm',0,1000,8,2000,19,31,'nA/ppm',NULL,'90',140,NULL,NULL,NULL),(46,10,'ppm',0,500,4,1000,35,65,'nA/ppm',NULL,'90',140,NULL,NULL,NULL),(47,12,'ppm',0,20,0.02,50,-350,-750,'nA/ppm','10 ppm','90',60,0,10,'±0.4'),(48,10,'ppm',0,100,0.1,200,2000,3200,'nA/ppm','20 ppm','90',150,0,20,'±0.6'),(49,9,'ppm',0,2000,0.7,5000,10,25,'nA/ppm','400 ppm','90',45,0,400,'±15'),(50,7,'ppm',0,100,1,200,80,130,'nA/ppm','25 ppm','90',300,0,25,'±2.5'),(51,35,'ppm',0,100,0.05,150,55,85,'nA/ppm','30 ppm','90',70,0,30,'±2'),(52,2,'ppm',0,20,NULL,50,-200,-650,'nA/ppm','1 ppm','90',45,0,1,'70'),(53,19,'ppm',0,10,0.1,75,550,900,'nA/ppm','10 ppm','90',25,0,5,'<±0.5'),(54,8,'ppm',0,100,0.5,500,550,875,'nA/ppm','20 ppm','90',35,0,20,'±0.4'),(55,8,'ppm',0,50,NULL,100,1400,1850,'nA/ppm','2 ppm','90',45,0,2,'-250 to 100'),(56,8,'ppm',0,2000,0.5,10000,65,110,'nA/ppm','400 ppm','90',25,0,25,'±3'),(60,4,'ppm',0,500,0.5,1000,-130,-70,'nA/ppm',NULL,'90',40,NULL,NULL,NULL),(62,3,'ppm',0,10000,50,210000,130,130,'nA/ppm',NULL,'90',10,NULL,NULL,NULL),(63,3,'ppm',0,30,0.05,100,66,114,'µA/ppm',NULL,'90',8,NULL,NULL,NULL),(64,3,'ppm',0,30,0.05,100,40,80,'µA/ppm',NULL,'90',15,NULL,NULL,NULL),(65,3,'ppm',0,30,0.05,100,66,114,'µA/ppm',NULL,'90',11,NULL,NULL,NULL),(66,2,'ppm',0,100,0.2,200,-450,-350,'nA/ppm',NULL,'90',60,NULL,NULL,NULL),(67,2,'ppm',0,5,0.03,50,-1350,-650,'nA/ppm',NULL,'90',60,NULL,NULL,NULL),(68,19,'ppm',0,20,0.1,100,700,1350,'nA/ppm',NULL,'90',25,NULL,NULL,NULL),(69,19,'ppm',0,200,0.3,400,240,360,'nA/ppm',NULL,'90',25,NULL,NULL,NULL),(70,19,'ppm',0,2000,2,4000,35,65,'nA/ppm',NULL,'90',25,NULL,NULL,NULL),(71,19,'ppm',0,5,0.03,25,2500,4500,'nA/ppm',NULL,'90',25,NULL,NULL,NULL),(84,11,'ppm',0,1000,0.5,2000,15,31,'nA/ppm',NULL,'90',50,NULL,NULL,NULL),(85,11,'ppm',0,1000,0.5,2000,55,85,'nA/ppm',NULL,'90',20,NULL,NULL,NULL),(87,12,'ppm',0,10,0.1,100,450,750,'nA/ppm',NULL,'90',60,NULL,NULL,NULL),(88,9,'ppm',0,1000,2,2000,5,15,'nA/ppm',NULL,'90',90,NULL,NULL,NULL),(89,10,'ppm',0,20,0.1,100,1500,2100,'nA/ppm',NULL,'90',120,NULL,NULL,NULL),(90,7,'ppm',0,20,0.1,200,400,1200,'nA/ppm',NULL,'90',30,NULL,NULL,NULL);
/*!40000 ALTER TABLE `Detects` ENABLE KEYS */;
UNLOCK TABLES;

--
-- Table structure for table `Gas`
--

DROP TABLE IF EXISTS `Gas`;
/*!40101 SET @saved_cs_client     = @@character_set_client */;
/*!40101 SET character_set_client = utf8 */;
CREATE TABLE `Gas` (
  `GasID` int(6) NOT NULL AUTO_INCREMENT,
  `Name` varchar(30) NOT NULL,
  PRIMARY KEY (`GasID`)
) ENGINE=InnoDB AUTO_INCREMENT=37 DEFAULT CHARSET=latin1;
/*!40101 SET character_set_client = @saved_cs_client */;

--
-- Dumping data for table `Gas`
--

LOCK TABLES `Gas` WRITE;
/*!40000 ALTER TABLE `Gas` DISABLE KEYS */;
INSERT INTO `Gas` VALUES (1,'SO2'),(2,'O3'),(3,'O2'),(4,'NO2'),(5,'NH3'),(6,'HF'),(7,'HCl'),(8,'H2S'),(9,'H2'),(10,'EtO'),(11,'CO'),(12,'Cl2'),(13,'CH2O'),(14,'C2H4'),(15,'O2'),(16,'THT'),(17,'SiH4'),(18,'H2Se'),(19,'PH3'),(20,'B2H6'),(21,'AsH3'),(22,'NO'),(24,'C2H4O'),(25,'Br2'),(26,'CH2O'),(27,'C2H4'),(28,'RCOOH'),(29,'R3COH'),(30,'ClO2'),(31,'H2O2'),(32,'HBr'),(34,'NH3'),(35,'HCN');
/*!40000 ALTER TABLE `Gas` ENABLE KEYS */;
UNLOCK TABLES;

--
-- Table structure for table `Sensor`
--

DROP TABLE IF EXISTS `Sensor`;
/*!40101 SET @saved_cs_client     = @@character_set_client */;
/*!40101 SET character_set_client = utf8 */;
CREATE TABLE `Sensor` (
  `SensorID` int(11) NOT NULL AUTO_INCREMENT,
  `PartNumber` varchar(15) DEFAULT NULL,
  `Alias` varchar(15) DEFAULT NULL,
  `Technology` varchar(10) DEFAULT NULL,
  `ActivePart` tinyint(1) DEFAULT NULL,
  `LastReview` date DEFAULT NULL,
  `DatasheetReview` double DEFAULT NULL,
  `Series` varchar(15) DEFAULT NULL,
  `Diameter` double DEFAULT NULL,
  `Height` double DEFAULT NULL,
  `PinCount` int(11) DEFAULT NULL,
  `PinLength` double DEFAULT NULL,
  `MaxWeight` double DEFAULT NULL,
  `MinTemperature` double DEFAULT NULL,
  `MaxTemperature` double DEFAULT NULL,
  `MinPressure` double DEFAULT NULL,
  `MaxPressure` double DEFAULT NULL,
  `MinHumidity` double DEFAULT NULL,
  `MaxHumidity` double DEFAULT NULL,
  `Bias` int(11) DEFAULT NULL,
  `MinLoad` double DEFAULT NULL,
  `MaxLoad` double DEFAULT NULL,
  `MaxSignalDrift` varchar(30) DEFAULT NULL,
  `SignalDriftInterval` int(11) DEFAULT NULL,
  `ExpectedLife` int(11) DEFAULT NULL,
  `Warranty` int(11) DEFAULT NULL,
  `GasCount` int(11) DEFAULT NULL,
  `BrandID` int(11) NOT NULL,
  PRIMARY KEY (`SensorID`),
  KEY `BrandID` (`BrandID`),
  CONSTRAINT `BrandID` FOREIGN KEY (`BrandID`) REFERENCES `Brand` (`BrandID`) ON DELETE CASCADE ON UPDATE CASCADE
) ENGINE=InnoDB AUTO_INCREMENT=91 DEFAULT CHARSET=latin1;
/*!40101 SET character_set_client = @saved_cs_client */;

--
-- Dumping data for table `Sensor`
--

LOCK TABLES `Sensor` WRITE;
/*!40000 ALTER TABLE `Sensor` DISABLE KEYS */;
INSERT INTO `Sensor` VALUES (2,'ME3-SO2','ME3-SO2','EC',1,'2028-06-19',NULL,'4-series',20,16.4,3,4.3,NULL,-20,50,0,10,15,90,NULL,10,10,'2',1,24,NULL,1,5),(3,'ME3-O3','ME3-O3','EC',1,'2028-06-19',NULL,'4-series',20,16.4,3,4.3,NULL,-20,50,0,10,15,90,NULL,10,10,'2',1,24,NULL,1,5),(4,'SOH-A2','SOH-A2','EC',1,'2024-06-19',NULL,'4-series',20.2,16.5,4,4.3,6,-30,50,80,120,15,90,NULL,NULL,NULL,'6',12,24,NULL,2,1),(5,'COH-A2','COH-A2','EC',1,'2024-06-19',NULL,'4-series',20.2,16.5,4,4.3,6,-30,50,80,120,15,90,NULL,NULL,NULL,'4',12,24,NULL,2,1),(6,'CO-A4','CO-A4','EC',1,'2024-06-19',NULL,'4-series',20.2,16.5,4,4.3,6,-30,50,80,120,15,90,NULL,NULL,NULL,'10',12,36,NULL,1,1),(8,'CO-AE','CO-AE','EC',1,'2024-06-19',NULL,'4-series',20.2,16.5,3,4.3,6,-30,50,80,120,15,90,NULL,NULL,NULL,'1',12,24,NULL,1,1),(9,'CO-AF','CO-AF','EC',1,'2024-06-19',NULL,'4-series',20.2,16.5,3,4.3,6,-30,50,80,120,15,90,NULL,NULL,NULL,'8',12,24,NULL,1,1),(10,'CO-AX','CO-AX','EC',1,'2024-06-19',NULL,'4-series',20.2,16.5,3,4.3,6,-30,50,80,120,15,90,NULL,NULL,NULL,'6',12,24,NULL,1,1),(15,'Cl2/M-20','Cl2/M-20','EC',1,'2024-06-19',NULL,'4-series',20.5,16.4,3,4.3,5.5,-20,50,0,10,15,90,NULL,10,33,NULL,NULL,24,NULL,1,3),(17,'Cl2/M-200','Cl2/M-200','EC',1,'2024-06-19',NULL,'4-series',20,16.4,3,4.3,5.4,-40,50,0,10,15,90,NULL,10,33,NULL,NULL,24,NULL,1,3),(18,'Cl2/M-2EG','Cl2/M-2EG','EC',1,'2024-06-19',NULL,'4-series',20,16.4,2,4.3,5.4,-20,50,-10,10,15,90,NULL,33,33,'2',1,12,NULL,1,3),(19,'CH2O/M-10','CH2O/M-10','EC',1,'2024-06-19',NULL,'4-series',20.5,16.4,3,4.3,5.5,-20,50,-10,10,15,90,NULL,10,10,'2',1,12,NULL,1,3),(22,'1845-031-30049',NULL,'EC',1,'2026-06-19',NULL,'4-series',20.4,16.6,3,4.3,NULL,-40,40,NULL,NULL,15,90,NULL,NULL,NULL,'10',6,18,12,1,4),(23,'1845-932-30049',NULL,'EC',1,'2026-06-19',NULL,'4-series',20.4,16.6,3,4.3,NULL,-20,40,NULL,NULL,15,90,NULL,NULL,NULL,'5',6,24,12,1,4),(24,'AB231-801','2CF3','EC',1,'2026-06-19',NULL,'4-series',20.4,16.6,3,4.3,5,-20,50,0,10,15,90,NULL,10,10,'10',12,24,NULL,1,2),(25,'2112B2005','4CF','EC',1,'2026-06-19',NULL,'4-series',20.2,16.6,3,4,5,-20,40,0,10,15,90,NULL,5,5,'5',12,24,NULL,1,2),(36,'CH2O/M-10-2E','CH2O/M-10-2E','EC',1,'2025-06-19',NULL,'4-series',20,16.4,2,4.3,5.4,-20,50,0,10,15,90,NULL,33,33,NULL,NULL,12,NULL,1,3),(37,'CH2O/M-1000','CH2O/M-1000','EC',1,'2025-06-19',NULL,'4-series',20.5,16.4,3,4.3,5.5,-20,50,0,10,15,90,NULL,10,10,'2',1,12,NULL,1,3),(38,'CH2O/M-50','CH2O/M-50','EC',1,'2025-06-19',NULL,'4-series',20.5,16.4,3,4.3,5.5,-20,50,0,10,15,90,NULL,10,10,'2',1,12,NULL,1,3),(39,'C2H4/M-10','C2H4/M-10','EC',1,'2025-06-19',NULL,'4-series',20.5,16.4,3,4.3,5.5,-40,50,0,10,15,90,NULL,10,10,'5',1,12,NULL,1,3),(40,'C2H4/M-1500','C2H4/M-1500','EC',1,'2025-06-19',NULL,'4-series',20,16.4,3,4.3,5.4,-20,50,0,10,15,90,NULL,10,10,'5',1,24,NULL,1,3),(41,'C2H4/M-200','C2H4/M-200','EC',1,'2025-06-19',NULL,'4-series',20,16.4,3,4.3,5.4,-20,50,0,10,15,90,NULL,10,10,'5',1,24,NULL,1,3),(42,'ETO/M-10','ETO/M-10','EC',1,'2025-06-19',NULL,'4-series',20.5,16.4,3,4.3,5.4,-40,50,0,10,15,90,300,10,10,'2',1,24,NULL,1,3),(43,'ETO/M-10','ETO/M-10','EC',1,'2025-06-19',NULL,'4-series',20.5,16.4,3,4.3,5.4,-40,50,0,10,15,90,300,10,10,'2',1,24,NULL,1,3),(44,'ETO/M-100','ETO/M-100','EC',1,'2025-06-19',NULL,'4-series',20.5,16.4,3,4.3,5.4,-40,50,0,10,15,90,300,10,10,'2',1,24,NULL,1,3),(45,'ETO/M-1000','ETO/M-1000','EC',1,'2025-06-19',NULL,'4-series',20.5,16.4,3,4.3,5.4,-40,50,0,10,15,90,300,10,10,'2',1,24,NULL,1,3),(46,'ETO/M-500','ETO/M-500','EC',1,'2025-06-19',NULL,'4-series',20.5,16.4,3,4.3,5.4,-40,50,0,10,15,90,300,10,10,'2',1,24,NULL,1,3),(47,'CL2-A1','CL2-A1','EC',1,'2024-06-19',NULL,'4-series',20.2,16.5,3,4.3,6,-20,50,80,120,15,90,NULL,NULL,NULL,'10',12,24,NULL,1,1),(48,'ETO-A1','ETO-A1','EC',1,'2024-06-19',NULL,'4-series',20.2,16.5,3,4.3,6,-30,50,80,120,15,90,NULL,NULL,NULL,NULL,NULL,12,NULL,1,1),(49,'H2-AF','H2-AF','EC',1,'2024-06-19',NULL,'4-series',20.2,16.5,3,4.3,6,-30,50,80,120,15,90,NULL,NULL,NULL,NULL,NULL,24,NULL,1,1),(50,'HCL-A1','HCL-A1','EC',1,'2024-06-19',NULL,'4-series',20.2,16.5,3,4.3,6,-30,50,80,120,15,90,NULL,NULL,NULL,NULL,NULL,12,NULL,1,1),(51,'HCN-A1','HCN-A1','EC',1,'2024-06-19',NULL,'4-series',20.2,16.5,3,4.3,6,-30,50,80,120,15,90,NULL,NULL,NULL,NULL,NULL,24,NULL,1,1),(52,'OX-A431','OX-A431','EC',1,'2024-06-19',NULL,'4-series',20.2,16.5,4,4.3,6,-30,40,80,120,15,85,NULL,NULL,NULL,'-40',12,24,NULL,2,1),(53,'PH3-A1','PH3-A1','EC',1,'2024-06-19',NULL,'4-series',20.2,16.5,3,4.3,6,-30,50,80,120,20,90,NULL,NULL,NULL,'10',12,24,NULL,1,1),(54,'H2S-A1','H2S-A1','EC',1,'2024-06-19',NULL,'4-series',20.2,16.5,3,4.3,6,-30,50,80,120,15,90,NULL,NULL,NULL,'3',12,24,NULL,1,1),(55,'H2S-A4','H2S-A4','EC',1,'2024-06-19',NULL,'4-series',20.2,16.5,4,4.3,6,-30,50,80,120,15,90,NULL,NULL,NULL,'20',12,24,NULL,1,1),(56,'H2S-AE','H2S-AE','EC',1,'2024-06-19',NULL,'4-series',20.2,16.5,3,4.3,6,-30,50,80,120,15,90,NULL,NULL,NULL,NULL,NULL,24,NULL,1,1),(57,'NO2/M-2EG','NO2/M-2EG','EC',1,'2026-06-19',NULL,'4-series',20.5,16.4,2,4.3,5.4,-20,50,1,111.4575,15,90,NULL,33,33,'2',1,24,12,1,3),(60,'NO2/M-500','NO2/M-500','EC',1,'2026-06-19',NULL,'4-series',20,16.4,3,4.3,5.4,-40,50,1,111.4575,15,90,NULL,33,33,'2',1,24,12,1,3),(62,'O2/M-1','O2/M-1','EC',1,'2026-06-19',NULL,'4-series',20,16.4,3,4.3,5.4,-40,50,1,121.59,15,90,-600,10,10,'4',36,36,12,1,3),(63,'O2/M-100','O2/M-100','EC',1,'2026-06-19',NULL,'4-series',20.5,16.4,3,4.3,5.5,-40,50,1,121.59,15,90,-600,10,10,'4',36,36,12,1,3),(64,'O2/MP-100','O2/MP-100','EC',1,'2026-06-19',NULL,'4-series',20.5,16.4,3,4.3,5.5,-40,50,1,121.59,15,90,-600,10,10,'4',36,36,12,1,3),(65,'O2/MT-100','O2/MT-100','EC',1,'2026-06-19',NULL,'4-series',20.5,16.4,3,4.3,5.5,-40,50,1,111.4575,50,95,-600,10,10,'4',36,36,12,1,3),(66,'O3/M-100','O3/M-100','EC',1,'2026-06-19',NULL,'4-series',20.5,16.4,3,4.3,5.5,-20,50,1,111.4575,15,90,NULL,10,10,'2',1,24,12,1,3),(67,'O3/M-5','O3/M-5','EC',1,'2026-06-19',NULL,'4-series',20,16.4,3,4.3,5.4,-20,45,1,111.4575,15,90,NULL,10,33,NULL,NULL,24,12,1,3),(68,'PH3/M-20','PH3/M-20','EC',1,'2026-06-19',NULL,'4-series',20,16.4,3,4.3,5.6,-20,50,1,111.4575,15,90,NULL,10,10,'2',1,24,12,1,3),(69,'PH3/M-200','PH3/M-200','EC',1,'2026-06-19',NULL,'4-series',20,16.4,3,4.3,5.6,-20,50,1,111.4575,15,90,NULL,10,10,'2',1,24,12,1,3),(70,'PH3/M-2000','PH3/M-2000','EC',1,'2026-06-19',NULL,'4-series',20,16.4,3,4.3,5.6,-20,50,1,111.4575,15,90,NULL,10,10,'2',1,24,12,1,3),(71,'PH3/M-5','PH3/M-5','EC',1,'2026-06-19',NULL,'4-series',20,16.4,3,4.3,5.6,-20,50,1,111.4575,15,90,NULL,10,10,'2',1,24,12,1,3),(72,'1854-031-30049',NULL,'EC',1,'2026-06-19',NULL,'4-series',20.4,16.6,3,4.3,5,-40,40,1,111.4575,15,90,NULL,NULL,NULL,'10',6,18,NULL,1,4),(73,'1854-932-30049',NULL,'EC',1,'2026-06-19',NULL,'4-series',20.4,16.6,3,4.3,NULL,-20,40,NULL,NULL,15,90,NULL,NULL,NULL,'10',6,24,12,1,4),(74,'1850-932-30049',NULL,'EC',1,'2026-06-19',NULL,'4-series',20.4,16.6,3,4.3,NULL,-20,40,NULL,NULL,15,90,NULL,100,100,'5',6,24,12,1,4),(75,'1858-932-30049',NULL,'EC',1,'2026-06-19',NULL,'4-series',20.4,16.6,3,4.3,NULL,-20,40,NULL,NULL,15,90,NULL,NULL,NULL,'10',6,24,12,1,4),(76,'0731-237-30049','AsH3 3E 1 F LT','EC',1,'2026-06-19',NULL,'4-series',20.4,16.6,3,4.5,4.3,-20,40,1,111.4575,10,95,NULL,1500,1500,'5',6,24,10,1,4),(77,'0731-337-30049','AsH3 3E 1 LT','EC',1,'2026-06-19',NULL,'4-series',20.4,16.6,3,4.5,4.3,-20,40,1,111.4575,10,95,NULL,1500,1500,'5',6,24,10,1,4),(78,'0731-21-30049','AsH3 2E 1 LT','EC',1,'2026-06-19',NULL,'4-series',20.4,16.6,2,4.3,NULL,-20,40,NULL,NULL,20,95,NULL,NULL,NULL,'5',6,18,10,1,4),(79,'436-32-349','Cl2 3E 10','EC',1,'2026-06-19',NULL,'4-series',20.4,16.6,3,4.3,NULL,-20,40,NULL,NULL,15,90,NULL,NULL,NULL,'10',6,24,12,1,4),(80,'635-337-349','PH3 3E 5 LT','EC',1,'2027-06-19',NULL,'4-series',20.4,16.6,3,4.3,4.5,-20,50,1,111.4575,10,95,NULL,1500,1500,'5',6,24,12,1,4),(81,'635-237-349','PH3 3E 5 F LT','EC',1,'2027-06-19',NULL,'4-series',20.4,16.6,3,4.3,4.5,-20,50,1,111.4575,10,95,NULL,1500,1500,'5',6,24,12,1,4),(82,'335-337-349','SeH2 3E 5 LT','EC',1,'2027-06-19',NULL,'4-series',20.4,16.6,3,4.3,4.5,-20,40,1,111.4575,10,95,NULL,1500,1500,'5',6,24,10,1,4),(84,'ME2-CO','ME2-CO','EC',1,'2027-06-19',NULL,'4-series',20,16.4,2,4.3,NULL,-20,50,1,111.4575,15,90,NULL,200,200,'10',12,60,NULL,1,5),(85,'ME3-CO','ME3-CO','EC',1,'2027-06-19',1.2,'4-series',20,16.4,3,4.3,NULL,-20,50,1,111.4575,15,90,NULL,10,10,'5',1,36,NULL,1,5),(87,'ME3-CL2','ME3-CL2','EC',1,'2028-06-19',1.2,'4-series',20,16.4,3,4.3,NULL,-20,50,1,111.4575,15,90,NULL,10,10,'2',1,24,NULL,1,5),(88,'ME3-H2','ME3-H2','EC',1,'2028-06-19',1.2,'4-series',20,16.4,3,4.3,NULL,-20,50,90,110,15,90,NULL,10,10,'2',1,24,NULL,1,5),(89,'ME3-ETO','ME3-ETO','EC',1,'2028-06-19',1.2,'4-series',20,16.4,3,4.3,NULL,-20,50,1,111.4575,15,90,300,10,10,'2',1,24,NULL,1,5),(90,'ME3-HCL','ME3-HCL','EC',1,'2028-06-19',1.2,'4-series',20,16.4,3,4.3,NULL,-20,50,1,111.4575,15,90,NULL,10,10,'2',1,24,NULL,1,5);
/*!40000 ALTER TABLE `Sensor` ENABLE KEYS */;
UNLOCK TABLES;
/*!40103 SET TIME_ZONE=@OLD_TIME_ZONE */;

/*!40101 SET SQL_MODE=@OLD_SQL_MODE */;
/*!40014 SET FOREIGN_KEY_CHECKS=@OLD_FOREIGN_KEY_CHECKS */;
/*!40014 SET UNIQUE_CHECKS=@OLD_UNIQUE_CHECKS */;
/*!40101 SET CHARACTER_SET_CLIENT=@OLD_CHARACTER_SET_CLIENT */;
/*!40101 SET CHARACTER_SET_RESULTS=@OLD_CHARACTER_SET_RESULTS */;
/*!40101 SET COLLATION_CONNECTION=@OLD_COLLATION_CONNECTION */;
/*!40111 SET SQL_NOTES=@OLD_SQL_NOTES */;

-- Dump completed on 2020-10-23  5:30:46
